mean,med,sd
17485.308781869688,18563,9937.164767836593
